ID,First Name,Last Name,State,City,Address,Email,Phone,Job
13,hano,muhammed,nan,erebil,erbil,ko@jo.com,760987687373,devloper
14,hano,muhammed,nan,erebil,erbil,ko@jo.com,760987687373,devloper
15,hano,muhammed,nan,erebil,erbil,ko@jo.com,760987687373,devloper
20,hano,muhammed,nan,erebil,erbil,ko@jo.com,760987687373,devloper
21,hano,muhammed,nan,erebil,erbil,ko@jo.com,760987687373,devloper
22,hano,muhammed,nan,erebil,erbil,ko@jo.com,760987687373,devloper
26,hano,muhammed,nan,erebil,erbil,ko@jo.com,760987687373,devloper
27,hano,muhammed,nan,erebil,erbil,ko@jo.com,760987687373,devloper
28,hano,muhammed,nan,erebil,erbil,ko@jo.com,760987687373,devloper
29,hano,muhammed,nan,erebil,erbil,ko@jo.com,760987687373,devloper
30,hano,muhammed,nan,erebil,erbil,ko@jo.com,760987687373,devloper
31,hano,muhammed,nan,erebil,erbil,ko@jo.com,760987687373,devloper
36,hano,muhammed,nan,erebil,erbil,ko@jo.com,760987687373,devloper
37,hano,muhammed,nan,erebil,erbil,ko@jo.com,760987687373,devloper
38,hano,muhammed,nan,erebil,erbil,ko@jo.com,760987687373,devloper
43,hano,muhammed,nan,erebil,erbil,ko@jo.com,760987687373,devloper
44,hano,muhammed,nan,erebil,erbil,ko@jo.com,760987687373,devloper
45,hano,muhammed,nan,erebil,erbil,ko@jo.com,760987687373,devloper
49,hano,muhammed,nan,erebil,erbil,ko@jo.com,760987687373,devloper
